user_id,full_name,user_name,password,email
1,Doria Ingraham,dingraham0,mhaZKAkuHF,dingraham0@cargocollective.com
2,Jacquetta Morgen,jmorgen1,bRpLh6,jmorgen1@house.gov
3,Ravi Lawey,rlawey2,mQNSx4a5HQ3b,rlawey2@google.nl
4,Leandra Sans,lsans3,zraorTEAuoWh,lsans3@homestead.com
5,Izak Lidgate,ilidgate4,4VCpdMb2,ilidgate4@joomla.org
6,Dory Delle,ddelle5,4NqUd5D1Nd0M,ddelle5@addtoany.com
7,Trefor Pagel,tpagel6,mtcC0TEG,tpagel6@businesswire.com
8,Sheelagh Allatt,sallatt7,SozZ8mPSlu,sallatt7@ezinearticles.com
9,Bab Chamley,bchamley8,kbDNxzGYf,bchamley8@nasa.gov
10,Klara Van Der Weedenburg,kvan9,h65uAF,kvan9@shutterfly.com
11,Britt Ogelsby,bogelsbya,V3AcAwoOp,bogelsbya@ustream.tv
12,Hillel O'Lyhane,holyhaneb,HQL7Heio8,holyhaneb@mapy.cz
13,Elisabetta Tynan,etynanc,H6yHJbAxp,etynanc@time.com
14,Berkley Nend,bnendd,k9HJtd,bnendd@tiny.cc
15,Powell Whorlton,pwhorltone,pRn6Vcqm,pwhorltone@bigcartel.com
16,Kerr Feakins,kfeakinsf,3TLQxZ,kfeakinsf@alexa.com
17,Mac Sanchiz,msanchizg,nUn75qQ,msanchizg@constantcontact.com
18,Louisette Kitteringham,lkitteringhamh,fYcANj,lkitteringhamh@salon.com
19,Grantham Comberbach,gcomberbachi,QOIAeN,gcomberbachi@google.com.au
20,Sonny Mulkerrins,smulkerrinsj,k8DHSMD2,smulkerrinsj@nhs.uk
21,Elliott Cuffley,ecuffleyk,XEh5SUPKmikS,ecuffleyk@nifty.com
22,Alida Taunton.,atauntonl,2wPN8vGgni,atauntonl@abc.net.au
23,Heida Sinott,hsinottm,9m0jTwXhaz,hsinottm@stanford.edu
24,Marris Brokenshaw,mbrokenshawn,fqDfF3,mbrokenshawn@ucoz.com
25,Mary Brassington,mbrassingtono,FjpLVV,mbrassingtono@oakley.com
26,Selestina Elsay,selsayp,zSh0u2,selsayp@skyrock.com
27,Carley Pallister,cpallisterq,hAqYII,cpallisterq@illinois.edu
28,Thomasina Finker,tfinkerr,tgSn5C9p4,tfinkerr@dagondesign.com
29,Atlante Trinder,atrinders,9xE8wizcMV5,atrinders@about.me
30,Opaline Rossant,orossantt,qVyhgcn,orossantt@google.ca
31,Miranda De la croix,mdeu,VwFP7EB9u,mdeu@booking.com
32,Osgood Cawsey,ocawseyv,Kz9U9rCZjJ,ocawseyv@cpanel.net
33,Mommy Fligg,mfliggw,U09yf0h,mfliggw@ifeng.com
34,Holly-anne Quince,hquincex,trcjzrj,hquincex@feedburner.com
35,Peyton Jeanequin,pjeanequiny,V0y5BdJ8A,pjeanequiny@ca.gov
36,Isac Knibb,iknibbz,zPWt96kks,iknibbz@yahoo.co.jp
37,Celestia Thain,cthain10,4Mlfs3cLA,cthain10@slate.com
38,Marina Parsley,mparsley11,axYHBa3q,mparsley11@latimes.com
39,Addison Arnholtz,aarnholtz12,wu0k0JHEsc,aarnholtz12@sfgate.com
40,Ignacius Doge,idoge13,CkdFRbY,idoge13@google.es
41,Cchaddie Pocklington,cpocklington14,j9dnTYJUpcO,cpocklington14@gov.uk
42,Jaclyn Bascombe,jbascombe15,GzxjPDO,jbascombe15@people.com.cn
43,Tallulah Cowup,tcowup16,m39CYE,tcowup16@noaa.gov
44,Brenda Gainsburgh,bgainsburgh17,Bbc8ZhazsFP,bgainsburgh17@cdc.gov
45,Heloise Fossitt,hfossitt18,TIWnUQo,hfossitt18@pen.io
46,Shawnee Cane,scane19,qzKgESJgD9t,scane19@spiegel.de
47,Adolphe Lockner,alockner1a,Sr9aDLz4X,alockner1a@is.gd
48,Hyacinthia Helian,hhelian1b,lYBAA6ql,hhelian1b@msu.edu
49,Myrwyn Boater,mboater1c,4q2ltYqAVGOn,mboater1c@cdbaby.com
50,Byrle Colquete,bcolquete1d,nuQ7Q98VkW,bcolquete1d@imageshack.us
51,Rice Carnock,rcarnock1e,ZNuhyRwAg,rcarnock1e@un.org
52,Olenolin Krinks,okrinks1f,HQswRDM,okrinks1f@sogou.com
53,Nariko Saket,nsaket1g,yS4f1QRg,nsaket1g@instagram.com
54,Shari Burgot,sburgot1h,jAcX0p6MJ,sburgot1h@domainmarket.com
55,Devonna Jarrell,djarrell1i,5yiWba,djarrell1i@oaic.gov.au
56,Linn Wise,lwise1j,Nr3umPNmN,lwise1j@edublogs.org
57,Kyle Samwyse,ksamwyse1k,qsHXd0CKWHlO,ksamwyse1k@miitbeian.gov.cn
58,Rik Buckley,rbuckley1l,hPKvDwy,rbuckley1l@theatlantic.com
59,Gusta Townsend,gtownsend1m,lQtoml,gtownsend1m@fema.gov
60,Collen Bungey,cbungey1n,lJzgTkL5,cbungey1n@elpais.com
61,Murial Revens,mrevens1o,MO2goXacs,mrevens1o@aboutads.info
62,Modestine Pinch,mpinch1p,u4k9sgtQF,mpinch1p@sbwire.com
63,Yetty MacDuff,ymacduff1q,BjkuZk,ymacduff1q@example.com
64,Massimiliano Vescovo,mvescovo1r,MC97qUN,mvescovo1r@networksolutions.com
65,Dione Pengelley,dpengelley1s,qdOWDb4W,dpengelley1s@tripadvisor.com
66,Jermaine Hostan,jhostan1t,FbbedqTH,jhostan1t@theatlantic.com
67,Merla Harradence,mharradence1u,4Sqjh23b,mharradence1u@networkadvertising.org
68,Nissa Backhouse,nbackhouse1v,cE3c6rg6,nbackhouse1v@un.org
69,Mikel Pordal,mpordal1w,G9A7ya,mpordal1w@skype.com
70,Lonee Dumbar,ldumbar1x,SICILxZO,ldumbar1x@nymag.com
71,Marci Leroy,mleroy1y,5gAi9GEByi,mleroy1y@t.co
72,Merla Pieper,mpieper1z,OGeDNN,mpieper1z@privacy.gov.au
73,Beulah Cabell,bcabell20,FhyAvPmBKdW,bcabell20@chicagotribune.com
74,Dorree Goodlud,dgoodlud21,BoBsuNwu,dgoodlud21@wikimedia.org
75,Judah Lere,jlere22,irhe3J7ef,jlere22@networkadvertising.org
76,Vic Huntingford,vhuntingford23,fII8jcypKyLD,vhuntingford23@pbs.org
77,Barney Saxton,bsaxton24,llinVXuRcw,bsaxton24@amazon.co.jp
78,Delora Gaythorpe,dgaythorpe25,q0sZ0dOswh,dgaythorpe25@zimbio.com
79,Lloyd Madgett,lmadgett26,obzUS95YH,lmadgett26@lulu.com
80,Thurstan Tritton,ttritton27,1r5FbXL7Z,ttritton27@blogs.com
81,Ellwood Pavel,epavel28,TlVrM6GpU2hn,epavel28@irs.gov
82,Burg Cracker,bcracker29,4WER6snBw,bcracker29@google.de
83,Lind Scholz,lscholz2a,k8mAiYw,lscholz2a@hud.gov
84,Will Giovanizio,wgiovanizio2b,c8Vz87,wgiovanizio2b@upenn.edu
85,Joella Baskerfield,jbaskerfield2c,c8bjYCxMerSI,jbaskerfield2c@irs.gov
86,Brennan Blaase,bblaase2d,ElPRZfPJy,bblaase2d@mediafire.com
87,Rem Delbergue,rdelbergue2e,aegYaDnHJHiD,rdelbergue2e@sciencedaily.com
88,Harwell Havenhand,hhavenhand2f,Iakor2,hhavenhand2f@tinypic.com
89,Isidora Jansens,ijansens2g,zUYIOt4Di,ijansens2g@google.pl
90,Jonathan Ledward,jledward2h,Zaxzjkv3o,jledward2h@miitbeian.gov.cn
91,Brady McCahey,bmccahey2i,PWBKhHrccYF,bmccahey2i@nsw.gov.au
92,Horst Burgett,hburgett2j,RbmP8XWRD,hburgett2j@hexun.com
93,Abner Medeway,amedeway2k,4fyCJjv5,amedeway2k@telegraph.co.uk
94,Ilario Offa,ioffa2l,ULVXiavAFF3t,ioffa2l@nsw.gov.au
95,Tandie Hurburt,thurburt2m,V9Bw3Q25X,thurburt2m@nydailynews.com
96,Dorotea Grimsdike,dgrimsdike2n,xmeLjJby,dgrimsdike2n@yandex.ru
97,Sam Bryde,sbryde2o,t7EK1iVmh,sbryde2o@cornell.edu
98,Kiele Aspey,kaspey2p,bv6qzqtv,kaspey2p@hubpages.com
99,Baxy Lalevee,blalevee2q,4lfgP3SoDjd,blalevee2q@noaa.gov
100,Andreas Ogborne,aogborne2r,zXMRiKUDjDjJ,aogborne2r@guardian.co.uk
101,Audra Gribbins,agribbins2s,oafrH6zaqf,agribbins2s@umich.edu
102,Beniamino Leggan,bleggan2t,SyxbsQ,bleggan2t@taobao.com
103,Clevie Akast,cakast2u,qCCxrtTA7SD,cakast2u@reuters.com
104,Rebekkah Karp,rkarp2v,EP6OX4Wlp6qk,rkarp2v@163.com
105,Barbe Carlton,bcarlton2w,Ar62ZCsDfqMg,bcarlton2w@vkontakte.ru
106,Nona Kelston,nkelston2x,fx8thApQ,nkelston2x@macromedia.com
107,Almira Gynne,agynne2y,qnrCW9kgVtb,agynne2y@nyu.edu
108,Arielle Opdenorth,aopdenorth2z,8cIV11x27,aopdenorth2z@goo.gl
109,Orsa Withringten,owithringten30,dMzvCuf3L2,owithringten30@mayoclinic.com
110,Devondra Bamblett,dbamblett31,YRIzue,dbamblett31@squidoo.com
111,Leyla Pittway,lpittway32,tDjrd2bZmAs,lpittway32@ocn.ne.jp
112,Stu Bulch,sbulch33,BYEdNaqqtcd,sbulch33@lulu.com
113,Corabelle Nerger,cnerger34,JPViGmWu,cnerger34@redcross.org
114,Linda MacGown,lmacgown35,Yzv7hq,lmacgown35@uiuc.edu
115,Annice Hackleton,ahackleton36,D1mMhtqI,ahackleton36@drupal.org
116,Kial Arthy,karthy37,LmatMl,karthy37@amazonaws.com
117,Bert Sandyford,bsandyford38,oLofRzK0G,bsandyford38@yelp.com
118,Tanner Klaiser,tklaiser39,5sE6EPB,tklaiser39@csmonitor.com
119,Bren Waghorne,bwaghorne3a,2ZJY0ybW,bwaghorne3a@slate.com
120,Julina Verbeek,jverbeek3b,LhVRAoec,jverbeek3b@alibaba.com
121,Brigham Arnley,barnley3c,JDl6xb,barnley3c@irs.gov
122,Fidela Kreuzer,fkreuzer3d,UTgeVXt9iQ,fkreuzer3d@apache.org
123,Cordula Aymerich,caymerich3e,MUvvvgme,caymerich3e@google.com
124,Dill Vacher,dvacher3f,z7AH5dFeM,dvacher3f@wordpress.com
125,Ryley Pursey,rpursey3g,8ePSC9jg6fBw,rpursey3g@xrea.com
126,Wilmar Gillease,wgillease3h,oWrfU9,wgillease3h@etsy.com
127,Georgie Limpkin,glimpkin3i,PtwA5q,glimpkin3i@zimbio.com
128,Romonda Blagbrough,rblagbrough3j,DYr3KafEh,rblagbrough3j@ask.com
129,Alfi Kupec,akupec3k,zVaFRPb,akupec3k@fc2.com
130,Scot Bayfield,sbayfield3l,pVWlL7Xkz4,sbayfield3l@nbcnews.com
131,Mayor Whitlow,mwhitlow3m,bK013fO0Y25x,mwhitlow3m@nature.com
132,Rowe Eppson,reppson3n,KUVzHm8P3,reppson3n@usda.gov
133,Ruthi Czaple,rczaple3o,tdttjxBINEmX,rczaple3o@stanford.edu
134,Friedrich Cutcliffe,fcutcliffe3p,dSgYfRF,fcutcliffe3p@woothemes.com
135,Alisha Churching,achurching3q,qQ1ak1oN5xTr,achurching3q@jugem.jp
136,Lissie Weerdenburg,lweerdenburg3r,u4zDcBk,lweerdenburg3r@mit.edu
137,Kassia Sheere,ksheere3s,w85yJcnGTJ,ksheere3s@vkontakte.ru
138,Harvey Baumer,hbaumer3t,H7Jm6Mc,hbaumer3t@webnode.com
139,Felizio Test,ftest3u,HoX8ObpTeE,ftest3u@huffingtonpost.com
140,George Gauson,ggauson3v,KOp6bxyO,ggauson3v@sbwire.com
141,Araldo Covolini,acovolini3w,v8r7A4,acovolini3w@paypal.com
142,Quinn Dibbin,qdibbin3x,NCh1PhSZ0,qdibbin3x@weibo.com
143,Caty Revie,crevie3y,JBbkMJt8,crevie3y@comsenz.com
144,Fianna Greated,fgreated3z,iB4XOK7V,fgreated3z@bizjournals.com
145,Colman Rigardeau,crigardeau40,sOUvIUapFe,crigardeau40@answers.com
146,Dacie Lilford,dlilford41,uzuacxby5Dh,dlilford41@furl.net
147,Nikki Sommerled,nsommerled42,NvlFONeHkT8,nsommerled42@over-blog.com
148,Phyllis Verdun,pverdun43,LrASiCi,pverdun43@examiner.com
149,Gunther Whitter,gwhitter44,KBhfSKp9Z,gwhitter44@about.com
150,Meara Grazier,mgrazier45,KNM5KhFcOV,mgrazier45@nbcnews.com
151,Chico Beglin,cbeglin46,rI7dpd0,cbeglin46@mysql.com
152,Deva Atling,datling47,GceeAAP,datling47@loc.gov
153,Bailie Mantle,bmantle48,N5vbJl4z,bmantle48@dagondesign.com
154,Christos Francis,cfrancis49,lfy9iKS,cfrancis49@altervista.org
155,Javier O'Dyvoie,jodyvoie4a,FQjCxM,jodyvoie4a@mapquest.com
156,Cchaddie Ariss,cariss4b,IYDBcRi1QHxA,cariss4b@symantec.com
157,Hannie Anthill,hanthill4c,C8BHNcEIywsf,hanthill4c@jimdo.com
158,Pattie Baynam,pbaynam4d,qLbBrtM,pbaynam4d@engadget.com
159,Felita Merkel,fmerkel4e,xoKhFqJmjEA,fmerkel4e@delicious.com
160,Carina Whyborne,cwhyborne4f,EIxS8YMdC,cwhyborne4f@xinhuanet.com
161,Valentin Minger,vminger4g,LqYyMIyMy1Z,vminger4g@yolasite.com
162,Koo Brannon,kbrannon4h,dmy8WThI,kbrannon4h@hud.gov
163,Bel Larmet,blarmet4i,aopi0I,blarmet4i@google.ca
164,Simone Hayne,shayne4j,AwRK1Rnv9S,shayne4j@yahoo.co.jp
165,Charlton Mothersdale,cmothersdale4k,WAeGEXWVVIH,cmothersdale4k@netlog.com
166,Jeralee Patullo,jpatullo4l,OaEAC6T,jpatullo4l@salon.com
167,Jeanne Schuricht,jschuricht4m,spaMWe,jschuricht4m@ucla.edu
168,Garret Flook,gflook4n,FohjEcrZLjP,gflook4n@arstechnica.com
169,Lee Eton,leton4o,KJE8cua72g,leton4o@accuweather.com
170,Fredericka Hulson,fhulson4p,SWSz7d,fhulson4p@eepurl.com
171,Gerald Bunten,gbunten4q,OTG0C1azHlF6,gbunten4q@homestead.com
172,Filmer Boniface,fboniface4r,C8Cbsb15L,fboniface4r@mozilla.com
173,Glyn Speakman,gspeakman4s,cawds5mcxBcf,gspeakman4s@ameblo.jp
174,Zia Colbertson,zcolbertson4t,PbzlGGq8O,zcolbertson4t@nbcnews.com
175,Audrey M'Chirrie,amchirrie4u,3IiolHF1,amchirrie4u@quantcast.com
176,Marita Piris,mpiris4v,ejB8tIMG9,mpiris4v@answers.com
177,Elnora Humm,ehumm4w,ZfKdtJsXIo,ehumm4w@wikimedia.org
178,Gal Shreeve,gshreeve4x,5sQjWz,gshreeve4x@bloglines.com
179,Ginevra Eustis,geustis4y,WM2njyb2,geustis4y@auda.org.au
180,Georgeanne Arpino,garpino4z,yvnLyCO,garpino4z@shop-pro.jp
181,Renato Caldaro,rcaldaro50,HR9u4AOKc2Y,rcaldaro50@mlb.com
182,Stanislas Studman,sstudman51,T1oVgQN1ffj,sstudman51@census.gov
183,Vlad Plimmer,vplimmer52,zhrWO33T,vplimmer52@youtube.com
184,Marv Munton,mmunton53,Gq4n7FEm,mmunton53@boston.com
185,Sephira Union,sunion54,7yc5X9T,sunion54@t.co
186,Augy Oakden,aoakden55,ZIBsPfX,aoakden55@barnesandnoble.com
187,Berkeley Kille,bkille56,wa5mkSB,bkille56@adobe.com
188,Farrand Caughtry,fcaughtry57,DWgDkoav,fcaughtry57@eepurl.com
189,Kathleen Wolstenholme,kwolstenholme58,vB9U6O,kwolstenholme58@msu.edu
190,Nicky Opy,nopy59,gcPU0QAVc,nopy59@ning.com
191,Dasya Pasby,dpasby5a,qFk8pfvPR,dpasby5a@1688.com
192,Rosa Bampfield,rbampfield5b,yHGSExzblUV3,rbampfield5b@sfgate.com
193,Elsbeth Penkethman,epenkethman5c,hFfMoMH,epenkethman5c@phoca.cz
194,Rahal Irons,rirons5d,oPUQSbiptREz,rirons5d@soundcloud.com
195,Miriam Santus,msantus5e,cJ5cTearWg,msantus5e@youtube.com
196,Benedetto Dawley,bdawley5f,3T0JbL67r4,bdawley5f@jugem.jp
197,Storm Foyle,sfoyle5g,4sUj0jnII5kj,sfoyle5g@nbcnews.com
198,Patrizia Sowter,psowter5h,A85mwaWwI,psowter5h@free.fr
199,Ariana Blandford,ablandford5i,ZlWd7oOd,ablandford5i@gizmodo.com
200,Tammy Dearlove,tdearlove5j,qMTuyRCefIj,tdearlove5j@dailymail.co.uk
201,Brandie Trouncer,btrouncer5k,gLar1BU,btrouncer5k@webs.com
202,Ernesta Curnnokk,ecurnnokk5l,hCxp3j8W,ecurnnokk5l@yale.edu
203,Gibb McCrory,gmccrory5m,B8yEDKn5BB,gmccrory5m@jimdo.com
204,Ursala Georgeson,ugeorgeson5n,Gi3iEJB8CFP,ugeorgeson5n@slashdot.org
205,Tracie Donaher,tdonaher5o,ezz8kex5wR9p,tdonaher5o@utexas.edu
206,Debra Filisov,dfilisov5p,WrCrWXPM33,dfilisov5p@networkadvertising.org
207,Prescott Burger,pburger5q,zkNzJ47eV,pburger5q@unblog.fr
208,Otha Bradock,obradock5r,EcRnDSBBUbk,obradock5r@yahoo.co.jp
209,Glynnis Dacey,gdacey5s,yt2rp12,gdacey5s@ted.com
210,Kandace Coppard,kcoppard5t,PaqTxzsXS,kcoppard5t@cloudflare.com
211,Domingo Gayden,dgayden5u,yamFm0Dcr2a,dgayden5u@home.pl
212,Jolynn Raoux,jraoux5v,7ouhCsT45gc,jraoux5v@list-manage.com
213,Thatcher Armstrong,tarmstrong5w,i1D7p1,tarmstrong5w@sohu.com
214,Hallie Rosell,hrosell5x,Gh0c1TW5,hrosell5x@hud.gov
215,Margarete Dorrington,mdorrington5y,T7MpFLqkUr,mdorrington5y@oracle.com
216,Orbadiah Lerer,olerer5z,t5XtXD,olerer5z@creativecommons.org
217,Bartolemo Grooby,bgrooby60,Z0Em9hAT,bgrooby60@lycos.com
218,Richmound Vance,rvance61,IoEVTWw,rvance61@soup.io
219,Inga Weatherup,iweatherup62,355yBSNK,iweatherup62@google.ca
220,Judon Carthy,jcarthy63,m8Ho5vN3QC,jcarthy63@seesaa.net
221,Jenine Mitchall,jmitchall64,PgsvxnPm,jmitchall64@ovh.net
222,Sofie Reid,sreid65,kpLR3dRGNIX,sreid65@java.com
223,Valaria Sone,vsone66,LEmH7vxXLuR,vsone66@hud.gov
224,Charlena Visick,cvisick67,Az3RKrGvUQ,cvisick67@imdb.com
225,Devy Thornborrow,dthornborrow68,aQtnnA,dthornborrow68@google.ru
226,Joey Brightling,jbrightling69,zSDKLr24y,jbrightling69@typepad.com
227,Siward Schwanden,sschwanden6a,LRqn1zvwedaO,sschwanden6a@devhub.com
228,Jesse Hayes,jhayes6b,Gc7Fap,jhayes6b@fda.gov
229,Otho Perillo,operillo6c,vsISb1O5J,operillo6c@shareasale.com
230,Delly Smalley,dsmalley6d,jlGhc9,dsmalley6d@printfriendly.com
231,Gavrielle Yankeev,gyankeev6e,25hY62JKc2,gyankeev6e@xrea.com
232,Monique Horche,mhorche6f,4lh6TGI1Iu,mhorche6f@sohu.com
233,Natividad Frisdick,nfrisdick6g,DE5ngMbIsPTD,nfrisdick6g@pcworld.com
234,Jocelin Braithwaite,jbraithwaite6h,CT4M6f,jbraithwaite6h@marriott.com
235,Hailey Waldie,hwaldie6i,18QF0jC,hwaldie6i@paginegialle.it
236,Karilynn Crellin,kcrellin6j,wQSnUT,kcrellin6j@google.pl
237,Abdel Rubin,arubin6k,clXmWa8k,arubin6k@addtoany.com
238,Aldwin Wadley,awadley6l,NnjldQd,awadley6l@surveymonkey.com
239,Norene Dumper,ndumper6m,E96Tme,ndumper6m@blogs.com
240,Marc Clemo,mclemo6n,VWc7zoiYJ,mclemo6n@artisteer.com
241,Arron Cullivan,acullivan6o,WG9eAKg2T,acullivan6o@wired.com
242,Guenevere Sherrum,gsherrum6p,0focgA,gsherrum6p@joomla.org
243,Lira Jenkyn,ljenkyn6q,5yvk3e9hZ2U,ljenkyn6q@epa.gov
244,Niki Barnewell,nbarnewell6r,EXdQt9Y4M1YC,nbarnewell6r@google.co.uk
245,Levi Sidlow,lsidlow6s,Z6tNEd83k,lsidlow6s@last.fm
246,Broderick Jimes,bjimes6t,7O4eXq,bjimes6t@tmall.com
247,Deeanne Daye,ddaye6u,uDreKhdrRwVP,ddaye6u@wired.com
248,Stephannie Diem,sdiem6v,bhiKZNO9vNCl,sdiem6v@blog.com
249,Amabel Boles,aboles6w,k7Dxkzv,aboles6w@etsy.com
250,Wylma Patshull,wpatshull6x,f2E2zo4,wpatshull6x@marriott.com
251,Lay Setterfield,lsetterfield6y,Rx5KuMY0z,lsetterfield6y@cornell.edu
252,Yalonda Menhci,ymenhci6z,iF8LuUlX,ymenhci6z@aboutads.info
253,Caressa Shearman,cshearman70,mKBlpTCe,cshearman70@mozilla.com
254,Barbee Tunno,btunno71,F4cUJ1,btunno71@fc2.com
255,Colly Langthorne,clangthorne72,RAtSdt5c4Gt,clangthorne72@imgur.com
256,Binnie Voller,bvoller73,EUzTNTTf,bvoller73@typepad.com
257,Jerome Candwell,jcandwell74,sOie7z,jcandwell74@yahoo.co.jp
258,Kathy Drezzer,kdrezzer75,1X5g4TdUdh4,kdrezzer75@epa.gov
259,Jaye Kubin,jkubin76,BhelayFJ31s,jkubin76@vistaprint.com
260,Yankee Bourcq,ybourcq77,Fg5hM3yK,ybourcq77@usgs.gov
261,Lenard Robak,lrobak78,FwdTzbcPw,lrobak78@google.com
262,Mirilla Maddison,mmaddison79,mh09ajXJw,mmaddison79@is.gd
263,Tad Axworthy,taxworthy7a,UovTcQ4,taxworthy7a@angelfire.com
264,Codi Banstead,cbanstead7b,DLmbnAoHr,cbanstead7b@a8.net
265,Coop Dobney,cdobney7c,DQw6uk,cdobney7c@cisco.com
266,Gabbie Turgoose,gturgoose7d,44Yi5eot,gturgoose7d@istockphoto.com
267,Fair Rosenblatt,frosenblatt7e,swA9rTSnvENi,frosenblatt7e@ifeng.com
268,Tonia Schroeder,tschroeder7f,eDz0H0,tschroeder7f@163.com
269,Mikaela Hillam,mhillam7g,xggICiOzA,mhillam7g@wisc.edu
270,Arlina Elms,aelms7h,gjnObh,aelms7h@cnet.com
271,Barret Clara,bclara7i,r9aiTz,bclara7i@live.com
272,Enrico Crayden,ecrayden7j,idIOFap,ecrayden7j@devhub.com
273,Gladi Layhe,glayhe7k,jvpQ2XN49QD,glayhe7k@hc360.com
274,Margy Trevor,mtrevor7l,KRrTjlN1Rl,mtrevor7l@google.fr
275,Hillel Gitthouse,hgitthouse7m,aAbPFJ,hgitthouse7m@so-net.ne.jp
276,Westley Leahey,wleahey7n,WqE2nig,wleahey7n@webmd.com
277,Dion Crapper,dcrapper7o,PBWGKw,dcrapper7o@hud.gov
278,Deloria Upston,dupston7p,ACYZgO,dupston7p@ed.gov
279,Eadith Maltster,emaltster7q,OWhEpgONLAuV,emaltster7q@xinhuanet.com
280,Nathalie Doyley,ndoyley7r,6mGE0c,ndoyley7r@cdc.gov
281,Bendite Loughman,bloughman7s,Gz0TPyQ5g,bloughman7s@xinhuanet.com
282,Giffy Buttner,gbuttner7t,Kg4APl7,gbuttner7t@ibm.com
283,Glenden Spenclay,gspenclay7u,OI2dMyge,gspenclay7u@parallels.com
284,Shaw Trodd,strodd7v,cnRIFwE,strodd7v@mediafire.com
285,Tobiah Schruyer,tschruyer7w,MFKpex,tschruyer7w@liveinternet.ru
286,Karina Shefton,kshefton7x,EwVbsVZ9,kshefton7x@google.ru
287,Worthy Nana,wnana7y,SNwhYA,wnana7y@tiny.cc
288,Shela Saywood,ssaywood7z,1ZY18b,ssaywood7z@last.fm
289,Jeno Arzu,jarzu80,HKuoo9pXGV2,jarzu80@ftc.gov
290,Jessa Eatock,jeatock81,4psS3uzI,jeatock81@theatlantic.com
291,Xenia Faithfull,xfaithfull82,Ce37vPmZ,xfaithfull82@dell.com
292,Wyatt Kalinke,wkalinke83,GECecAFnb96,wkalinke83@seesaa.net
293,Horten Silveston,hsilveston84,SYJ8SkA75WGX,hsilveston84@360.cn
294,Rivkah Burling,rburling85,wPfHqg6f3xDT,rburling85@surveymonkey.com
295,Khalil Keeltagh,kkeeltagh86,DrQ6tyKTUz,kkeeltagh86@abc.net.au
296,Jillie Braybrooke,jbraybrooke87,MkuszC,jbraybrooke87@omniture.com
297,Gerianne Hicks,ghicks88,wooPJTVKD,ghicks88@google.co.jp
298,Deane Arens,darens89,4EpIe89aTH,darens89@un.org
299,Udell Lindup,ulindup8a,UL0kI26Mg,ulindup8a@etsy.com
300,Godfry Lisciandro,glisciandro8b,C8daWM,glisciandro8b@trellian.com
301,Carlin Kleinberer,ckleinberer8c,Sn146Iv2I,ckleinberer8c@google.co.uk
302,Jeramey McKenna,jmckenna8d,sIi3Ve,jmckenna8d@deviantart.com
303,Herta Rowcliffe,hrowcliffe8e,8o9a3ow,hrowcliffe8e@google.com.br
304,Hort Cash,hcash8f,1vjWxGpr,hcash8f@blogs.com
305,Corby Boynton,cboynton8g,iYKyhO,cboynton8g@eventbrite.com
306,Germaine Verdun,gverdun8h,6gMXJCy,gverdun8h@reddit.com
307,Jorrie Menhenitt,jmenhenitt8i,WHVS0Szm,jmenhenitt8i@phoca.cz
308,Katha Magill,kmagill8j,lk9oGRqtx,kmagill8j@nsw.gov.au
309,Kendricks McKeurtan,kmckeurtan8k,3L5GDJnE,kmckeurtan8k@deliciousdays.com
310,Meier Kingsnod,mkingsnod8l,sJqdw0Az,mkingsnod8l@parallels.com
311,Caleb McCullagh,cmccullagh8m,JvEemIP54M,cmccullagh8m@hp.com
312,Fawne Pennycord,fpennycord8n,6eewPckZgU9,fpennycord8n@woothemes.com
313,Ophelia Tolhurst,otolhurst8o,NG1rdf5HS,otolhurst8o@go.com
314,Jasen Tamblyn,jtamblyn8p,gtsBS3ftiz,jtamblyn8p@rambler.ru
315,Barthel Tennant,btennant8q,vXKYHLnW0,btennant8q@comcast.net
316,Bibi Banham,bbanham8r,FL3ftjvjiv,bbanham8r@miitbeian.gov.cn
317,Kyrstin MacCumiskey,kmaccumiskey8s,jdbeHZxe1ra,kmaccumiskey8s@vk.com
318,Zachery Easun,zeasun8t,GhBtKHd,zeasun8t@cnbc.com
319,Jorgan McMaster,jmcmaster8u,Kje9bgG,jmcmaster8u@cbc.ca
320,Remus Quinnelly,rquinnelly8v,X1IR8thwAuh,rquinnelly8v@webmd.com
321,Farrah Snooks,fsnooks8w,FO42Sswmo4bP,fsnooks8w@omniture.com
322,Nola Franzel,nfranzel8x,lT5Q3x,nfranzel8x@photobucket.com
323,Pollyanna McGebenay,pmcgebenay8y,7Jvnyd7,pmcgebenay8y@marketwatch.com
324,Tessy Cremen,tcremen8z,GVdzgfiQS,tcremen8z@cyberchimps.com
325,Kordula Blamphin,kblamphin90,15uVxa,kblamphin90@sohu.com
326,Haleigh McKenna,hmckenna91,LsJi3z0FK9,hmckenna91@xrea.com
327,Xenos Patis,xpatis92,9rFEn3Ufx5,xpatis92@merriam-webster.com
328,Timmie Clavey,tclavey93,0MPIAKrc,tclavey93@dyndns.org
329,Woody Bleyman,wbleyman94,XVqhGrPFxU,wbleyman94@weibo.com
330,Eloisa Bernardelli,ebernardelli95,YpMM32hJ,ebernardelli95@eepurl.com
331,Filberte Packe,fpacke96,3yu6abOsi,fpacke96@npr.org
332,Ottilie Newson,onewson97,FQY4FnziF01p,onewson97@spiegel.de
333,Jenica Creboe,jcreboe98,uI8yx5cK,jcreboe98@typepad.com
334,Jenna Downer,jdowner99,7oYKPr,jdowner99@mysql.com
335,Nanete Emmer,nemmer9a,83UqDgoH,nemmer9a@gravatar.com
336,Annmarie Lakes,alakes9b,e09IcZhe,alakes9b@cnbc.com
337,Dot Goggey,dgoggey9c,fj6C7y,dgoggey9c@goodreads.com
338,Melinda Downes,mdownes9d,3LqSGN0l9VG,mdownes9d@wisc.edu
339,Dotty Hyde-Chambers,dhydechambers9e,IbuH8Fi1,dhydechambers9e@vk.com
340,Emelina Copin,ecopin9f,iK7pclczP9,ecopin9f@webmd.com
341,Florian Sliney,fsliney9g,k8FauRE,fsliney9g@tinyurl.com
342,Clevey Khotler,ckhotler9h,11Dz6mlO,ckhotler9h@fda.gov
343,Ettore Duckhouse,educkhouse9i,vG7svue0JRL,educkhouse9i@techcrunch.com
344,Redford Staniforth,rstaniforth9j,SRPJibUI,rstaniforth9j@github.io
345,Natty Bartholomew,nbartholomew9k,EXmERlrEa49,nbartholomew9k@1688.com
346,Lane Peatheyjohns,lpeatheyjohns9l,nwgGrLg,lpeatheyjohns9l@smugmug.com
347,Donetta Thurborn,dthurborn9m,rwQ51uSRv,dthurborn9m@amazon.co.jp
348,Winnah Heathcote,wheathcote9n,MPoRtCkP7E5,wheathcote9n@wunderground.com
349,Georgie Matuschek,gmatuschek9o,BPLg8oZzv,gmatuschek9o@google.fr
350,Jaime Rouby,jrouby9p,ZkcIAhByS,jrouby9p@booking.com
351,Tessie Bartrop,tbartrop9q,pjBxqtK,tbartrop9q@lycos.com
352,Arlana Huddles,ahuddles9r,kyilP5B9kb,ahuddles9r@istockphoto.com
353,Dottie Faussett,dfaussett9s,0Va8xy,dfaussett9s@wired.com
354,Hedy Artis,hartis9t,ZFIXdlN7PR,hartis9t@aboutads.info
355,Fitz Schriren,fschriren9u,m2BSqZh1,fschriren9u@angelfire.com
356,Godart Le Noury,gle9v,qOuXnG,gle9v@phpbb.com
357,Dorothee Betonia,dbetonia9w,vYhT6GB,dbetonia9w@macromedia.com
358,Nina Brockhurst,nbrockhurst9x,4cVF66Ldi,nbrockhurst9x@ted.com
359,Rabbi Veltmann,rveltmann9y,JlUt8B180,rveltmann9y@vimeo.com
360,Ariel Galliver,agalliver9z,De0JDr,agalliver9z@bloglovin.com
361,Babbie Leneham,blenehama0,5v3fOT6,blenehama0@freewebs.com
362,Xylia Penberthy,xpenberthya1,qrhJBPJSZ3,xpenberthya1@shinystat.com
363,Vittorio Phinnessy,vphinnessya2,Oh34UiNjsG7,vphinnessya2@cargocollective.com
364,Hinda Flieg,hfliega3,44okn5WiAcI,hfliega3@narod.ru
365,Merle Merrisson,mmerrissona4,rl7kqW,mmerrissona4@imgur.com
366,Lucius Millom,lmilloma5,T2vSLT133,lmilloma5@toplist.cz
367,Cully Baike,cbaikea6,uHWlr4,cbaikea6@tmall.com
368,Leigha Ohlsen,lohlsena7,4S7yZV,lohlsena7@smugmug.com
369,Manya Navarijo,mnavarijoa8,Jg338x,mnavarijoa8@gravatar.com
370,Jacinta Bratch,jbratcha9,ob0OAf2l0nw,jbratcha9@csmonitor.com
371,Neal Maurice,nmauriceaa,0Z2g2feb,nmauriceaa@soundcloud.com
372,Fred Rawlins,frawlinsab,lrWlnQYHgG2e,frawlinsab@blinklist.com
373,Abby Jaulmes,ajaulmesac,QesgRnZfuFQ,ajaulmesac@ibm.com
374,Vere Whichelow,vwhichelowad,8Z2h8sDb0Sg,vwhichelowad@usnews.com
375,Baron McNab,bmcnabae,9E0SQx2TYiX,bmcnabae@samsung.com
376,Kara-lynn Spacey,kspaceyaf,OwhUogIMI6,kspaceyaf@youtu.be
377,Ximenes Ascough,xascoughag,sH7BiBU1wwhO,xascoughag@baidu.com
378,Malvina Ketchen,mketchenah,1lEXxWfkNL,mketchenah@usgs.gov
379,Abbe Rosenauer,arosenauerai,QumzuzX1z2lL,arosenauerai@sohu.com
380,Merrili McMurrugh,mmcmurrughaj,0RgeV4L3mgs,mmcmurrughaj@wordpress.com
381,Norah Presidey,npresideyak,07UQJ9Xmzs,npresideyak@google.pl
382,El Thrustle,ethrustleal,xRIEH6sEAge6,ethrustleal@sun.com
383,Esteban D'Aulby,edaulbyam,dMmkFJyE,edaulbyam@adobe.com
384,Ernaline Maes,emaesan,ArYPGbHJxXo,emaesan@sphinn.com
385,Carlina Dundridge,cdundridgeao,IZNa9m,cdundridgeao@gmpg.org
386,Jeanna Gehrtz,jgehrtzap,4r1okGQ,jgehrtzap@google.fr
387,Talbot Girardengo,tgirardengoaq,cwsz6GNwPJI,tgirardengoaq@cocolog-nifty.com
388,Kippy Upstell,kupstellar,YKzjS8E,kupstellar@fema.gov
389,Corinna Winchurst,cwinchurstas,iRiCft8r,cwinchurstas@free.fr
390,Gretna Stedson,gstedsonat,tjD1bkNf,gstedsonat@360.cn
391,Eilis Meekin,emeekinau,RMOn5EirCGBL,emeekinau@mashable.com
392,Lita Lutzmann,llutzmannav,ZBJY8G0b,llutzmannav@statcounter.com
393,Pippa Salliere,psalliereaw,bkhTnCyfsnIq,psalliereaw@adobe.com
394,Viva Hedau,vhedauax,7DiY5lw,vhedauax@ehow.com
395,Winston Larwell,wlarwellay,a4nv0xOt,wlarwellay@com.com
396,Cleveland Lount,clountaz,WMeYXmQ,clountaz@slate.com
397,Rinaldo Danett,rdanettb0,QutyWP0,rdanettb0@indiegogo.com
398,Lesya Beagley,lbeagleyb1,7n97wroul,lbeagleyb1@nba.com
399,Phillie Getsham,pgetshamb2,SVGhyvqsrP,pgetshamb2@amazon.com
400,Elwin Abramamov,eabramamovb3,S0NaEVbG9VHd,eabramamovb3@purevolume.com
401,Hanny Lile,hlileb4,fswk5TWVuIu,hlileb4@google.ca
402,Orelie Sivyour,osivyourb5,VeuUhqxygSkK,osivyourb5@joomla.org
403,Jenny Culmer,jculmerb6,ib6Wyo,jculmerb6@amazon.com
404,Leigh Casacchia,lcasacchiab7,CapUTOMVKxEx,lcasacchiab7@github.com
405,Orv Easter,oeasterb8,xc188F,oeasterb8@youku.com
406,Nevil Guilloud,nguilloudb9,kPeSyKua6,nguilloudb9@yahoo.co.jp
407,Dee Tooting,dtootingba,76LPQDLDX,dtootingba@domainmarket.com
408,Pembroke Norway,pnorwaybb,72g5k7D4jc44,pnorwaybb@ibm.com
409,Ninnette Lammie,nlammiebc,ajGT7awE5,nlammiebc@theglobeandmail.com
410,Ernestine Girault,egiraultbd,LAHejGQrH,egiraultbd@desdev.cn
411,Kora Bessom,kbessombe,0yL5JegZ9e5,kbessombe@unesco.org
412,Noami Jeskin,njeskinbf,cjaTjWSHA,njeskinbf@163.com
413,Filippo Lidgate,flidgatebg,cxykE1PQEPQ,flidgatebg@narod.ru
414,Greta Fursland,gfurslandbh,MlIgmH,gfurslandbh@nationalgeographic.com
415,Dallas Flinn,dflinnbi,Z8EoNxQAwdf,dflinnbi@marriott.com
416,Margret Marquot,mmarquotbj,QXrTEjL2MNeI,mmarquotbj@mashable.com
417,Marius Brammer,mbrammerbk,QlXSDcGq3Ix,mbrammerbk@jugem.jp
418,Camilla Spellward,cspellwardbl,3T0lk5BVpu3,cspellwardbl@gov.uk
419,Gui Greatreax,ggreatreaxbm,CYcmlY,ggreatreaxbm@newsvine.com
420,Hildy Tidmas,htidmasbn,dis1KozYn,htidmasbn@facebook.com
421,Pierre Rumens,prumensbo,fI1zxB,prumensbo@histats.com
422,Ola Thurling,othurlingbp,0jkjz6,othurlingbp@list-manage.com
423,Carmel Flegg,cfleggbq,wGpqV6VEr,cfleggbq@mtv.com
424,Mel Banaszczyk,mbanaszczykbr,r3vNtw,mbanaszczykbr@ocn.ne.jp
425,Sheila Bolf,sbolfbs,ZvGqnlzgt5A3,sbolfbs@drupal.org
426,Taddeusz Redolfi,tredolfibt,XOxFz0jg,tredolfibt@nhs.uk
427,Agathe Robker,arobkerbu,G402qw,arobkerbu@java.com
428,Tirrell Buxcy,tbuxcybv,4zKjoss,tbuxcybv@linkedin.com
429,Susan Bonhome,sbonhomebw,lRYwwtIwLI,sbonhomebw@mediafire.com
430,Marcus Owenson,mowensonbx,nAk1A8,mowensonbx@hugedomains.com
431,Kahaleel Eisikowitch,keisikowitchby,efdu42p,keisikowitchby@state.tx.us
432,Mordecai Wreiford,mwreifordbz,kqjstCtHY,mwreifordbz@hubpages.com
433,Johnna Rubinovici,jrubinovicic0,UqVyqnyD9,jrubinovicic0@feedburner.com
434,Axe Tait,ataitc1,RvhQWSso,ataitc1@typepad.com
435,Terry Aisbett,taisbettc2,VQxWE49H6G,taisbettc2@opensource.org
436,Marylynne Wickardt,mwickardtc3,ebByqQEBZ,mwickardtc3@home.pl
437,Bordy Timothy,btimothyc4,EvUDkh,btimothyc4@ebay.co.uk
438,Karlee Muriel,kmurielc5,kkhfDP,kmurielc5@seattletimes.com
439,Gertruda Whight,gwhightc6,bcgSfHQ4Vvs,gwhightc6@clickbank.net
440,Jillian McBrier,jmcbrierc7,oDLnbNw0b,jmcbrierc7@4shared.com
441,Adara Orring,aorringc8,0ZGPJIQj,aorringc8@smh.com.au
442,Kelley Baudrey,kbaudreyc9,QqXZgIb,kbaudreyc9@jugem.jp
443,Morgen Hoofe,mhoofeca,SKsRa5U,mhoofeca@tumblr.com
444,Laird Beadles,lbeadlescb,xn6hRasa,lbeadlescb@t-online.de
445,Gael Lahrs,glahrscc,HTf8cJTd,glahrscc@fda.gov
446,Sephira Muckersie,smuckersiecd,OL1QAtc,smuckersiecd@ask.com
447,Darcey Snoday,dsnodayce,JZcCjzUEX,dsnodayce@plala.or.jp
448,Kellyann Coggell,kcoggellcf,EHJvcWB,kcoggellcf@hubpages.com
449,Sabine Melia,smeliacg,uHvBv5Dru,smeliacg@51.la
450,Lira Haydon,lhaydonch,Fe8iC9hhkZ6,lhaydonch@theglobeandmail.com
451,Loralee Killick,lkillickci,EXSed7o,lkillickci@cafepress.com
452,Kincaid Wigan,kwigancj,wRDg3i,kwigancj@amazonaws.com
453,Bunni Lowsely,blowselyck,g2NpzzDgvyO,blowselyck@msn.com
454,Dre Foat,dfoatcl,UqlQnr,dfoatcl@hugedomains.com
455,Johannah Schober,jschobercm,raEsynSXH,jschobercm@plala.or.jp
456,Edd Vousden,evousdencn,lNtkDOp2wtVF,evousdencn@cyberchimps.com
457,Zane Toffel,ztoffelco,UZKLC9vL8D,ztoffelco@ehow.com
458,Charo Haselhurst,chaselhurstcp,dtBYUfwp2rl,chaselhurstcp@gmpg.org
459,Dayle Balharry,dbalharrycq,9g8sbQ,dbalharrycq@hexun.com
460,Reinhold Hainsworth,rhainsworthcr,QThmu4nod8,rhainsworthcr@infoseek.co.jp
461,Helaine Brocket,hbrocketcs,XDMiqn5E5R,hbrocketcs@google.fr
462,Nyssa Treweela,ntreweelact,8cvauj,ntreweelact@wordpress.org
463,Kacie Munnery,kmunnerycu,7EVFyF2ZKSa,kmunnerycu@comcast.net
464,Ariel Denk,adenkcv,vzHqxU4,adenkcv@phpbb.com
465,Cristiano Wadlow,cwadlowcw,GnImGH,cwadlowcw@cornell.edu
466,Gilburt McRonald,gmcronaldcx,ggXbxI22,gmcronaldcx@elpais.com
467,Hamish Scipsey,hscipseycy,vlgd4KsSRYGA,hscipseycy@chronoengine.com
468,Selia Tremblet,strembletcz,aBTH3h,strembletcz@artisteer.com
469,Natividad Myton,nmytond0,mltoGdE,nmytond0@narod.ru
470,Kinna Vipan,kvipand1,e6hfFrGoH9z,kvipand1@sogou.com
471,Patricia Blamire,pblamired2,EwePXYbj,pblamired2@360.cn
472,Lorie Patrick,lpatrickd3,AbdOeNGI,lpatrickd3@cocolog-nifty.com
473,Thorpe Domnick,tdomnickd4,ixZQxeejJF1,tdomnickd4@addtoany.com
474,Dena Wilsey,dwilseyd5,iHiBaOw2n,dwilseyd5@51.la
475,Betteanne Menguy,bmenguyd6,rG9yqGL2ZX,bmenguyd6@mapquest.com
476,Sari Riccardo,sriccardod7,RH9VstkcoH,sriccardod7@army.mil
477,Antonella Skotcher,askotcherd8,yeqqwLaL8nex,askotcherd8@taobao.com
478,Christie Ferson,cfersond9,gqpRV1psdlQI,cfersond9@ning.com
479,Jena Angliss,janglissda,u4IUbxFAR,janglissda@nature.com
480,Elisabetta Heardman,eheardmandb,kibZ0I,eheardmandb@google.de
481,Arda Kingsnod,akingsnoddc,KOGiwidcg,akingsnoddc@cdc.gov
482,Kris Sebright,ksebrightdd,Ai2vFvX,ksebrightdd@t.co
483,Hymie Sissel,hsisselde,LgDO4xACF,hsisselde@fotki.com
484,Jacenta Luto,jlutodf,Yzyb1m,jlutodf@smh.com.au
485,Corbett Stearndale,cstearndaledg,F1gfioWFm,cstearndaledg@amazon.com
486,Jerald Antoinet,jantoinetdh,mR4uOB,jantoinetdh@cdc.gov
487,Linoel Vell,lvelldi,HWIuqDnra,lvelldi@columbia.edu
488,Sher Lorincz,slorinczdj,97P1cKw7juf,slorinczdj@theatlantic.com
489,Lin Favela,lfaveladk,bgykBf6Xj,lfaveladk@boston.com
490,Bryanty Davys,bdavysdl,o27ae1,bdavysdl@sourceforge.net
491,Channa Meaders,cmeadersdm,VW40L4AsQEt5,cmeadersdm@cafepress.com
492,Caria Tenby,ctenbydn,FLWlIWERhYNS,ctenbydn@wisc.edu
493,Donny Beccero,dbeccerodo,rOMfAl,dbeccerodo@cisco.com
494,Janie Nudds,jnuddsdp,DZeQgOpHlPR,jnuddsdp@jimdo.com
495,Mareah Fellenor,mfellenordq,NgNVw2o,mfellenordq@a8.net
496,Danya Standing,dstandingdr,D09z1xc8gmk,dstandingdr@ask.com
497,Lanie Tebbs,ltebbsds,DKYntg,ltebbsds@privacy.gov.au
498,Cecelia Guppy,cguppydt,BV1RUkpYrMR,cguppydt@mapquest.com
499,Jeddy Pischoff,jpischoffdu,FE1z3hg,jpischoffdu@youku.com
500,Harris O'Luney,holuneydv,0yskWthXVBt1,holuneydv@google.co.uk
501,Margette Kops,mkopsdw,E3bqt58P39kj,mkopsdw@delicious.com
502,Alfredo Cremins,acreminsdx,77PMtIS,acreminsdx@cdc.gov
503,Greggory Swiffin,gswiffindy,VNY3ww6LcT,gswiffindy@un.org
504,Cecilio Martinet,cmartinetdz,GppAwPXdYwGO,cmartinetdz@auda.org.au
505,Barbara-anne Jonke,bjonkee0,L29GUh5c9w,bjonkee0@cyberchimps.com
506,Gaspar Nelligan,gnelligane1,6yThSd,gnelligane1@usgs.gov
507,Roderich Flute,rflutee2,BylqwLo3,rflutee2@state.gov
508,Cloe Misken,cmiskene3,T214PM5,cmiskene3@jigsy.com
509,Emanuele Twyford,etwyforde4,FcwmYr,etwyforde4@sbwire.com
510,Claudina Rosita,crositae5,JzvcEI,crositae5@examiner.com
511,Inger Sidebottom,isidebottome6,I6lSJE,isidebottome6@smugmug.com
512,Melania Sayle,msaylee7,MmBjRPln,msaylee7@msn.com
513,Eirena Bloxsum,ebloxsume8,ZbtWrbFQX,ebloxsume8@upenn.edu
514,Meaghan Balazs,mbalazse9,8Cr1oMqKJt2y,mbalazse9@github.com
515,Erroll Tiltman,etiltmanea,ll1VxNd7h,etiltmanea@prnewswire.com
516,Dreddy Gregorowicz,dgregorowiczeb,1V5wBBHMgGr,dgregorowiczeb@wordpress.com
517,Morty Cutchey,mcutcheyec,E41APn,mcutcheyec@taobao.com
518,Oneida Milleton,omilletoned,3O3S5daS3v,omilletoned@arizona.edu
519,Letitia Stote,lstoteee,dFVr0WEhHQ,lstoteee@ted.com
520,Haleigh Mellsop,hmellsopef,Jn7CLsDNS,hmellsopef@kickstarter.com
521,Ives Eannetta,ieannettaeg,D3Ils8,ieannettaeg@nydailynews.com
522,Cass Lead,cleadeh,PHWuIIhpjGcq,cleadeh@netlog.com
523,Gwendolin Pauletti,gpaulettiei,Sx1PfzHimdW4,gpaulettiei@github.io
524,Pat Jull,pjullej,TQ5stCcDVUG,pjullej@goo.gl
525,Kip Jeschner,kjeschnerek,MGciwjes,kjeschnerek@ustream.tv
526,Vinson Reece,vreeceel,qrocj1VQB,vreeceel@cloudflare.com
527,Claire Dower,cdowerem,oCr2A5kxoZ,cdowerem@disqus.com
528,Garrard Abys,gabysen,mIXjIzl,gabysen@foxnews.com
529,Kaitlin Artiss,kartisseo,uoh440x,kartisseo@csmonitor.com
530,Herby Jezzard,hjezzardep,wqHHnq38pG,hjezzardep@pbs.org
531,Pavla Berford,pberfordeq,PFgTXAyv,pberfordeq@oaic.gov.au
532,Timothee Edney,tedneyer,wdXMP5t,tedneyer@wunderground.com
533,Ketty Delieu,kdelieues,3nrQKwLm9xdq,kdelieues@squarespace.com
534,Farleigh Benda,fbendaet,kZS1aeeG,fbendaet@typepad.com
535,Gaylor Deverson,gdeversoneu,Eqfk07Imrk,gdeversoneu@ovh.net
536,Kimberli Hekkert,khekkertev,nf1SLUod,khekkertev@qq.com
537,Nikolas Lantuff,nlantuffew,WKTroGez,nlantuffew@auda.org.au
538,Sonia Ronca,sroncaex,VBKxGurD,sroncaex@redcross.org
539,Milt Lavarack,mlavarackey,aY62yG94,mlavarackey@hatena.ne.jp
540,Winnie Skill,wskillez,bHIrmKlJQQ,wskillez@deviantart.com
541,Shalom Bilbrooke,sbilbrookef0,H2JAHs,sbilbrookef0@bigcartel.com
542,Vickie Linnit,vlinnitf1,ltqjgP,vlinnitf1@google.nl
543,Morton Gregolotti,mgregolottif2,ibWAIr2493fU,mgregolottif2@netlog.com
544,Dana Judge,djudgef3,4oLW4UHaqn0T,djudgef3@is.gd
545,Carita Dowson,cdowsonf4,Zc5XY3jxgRrj,cdowsonf4@arstechnica.com
546,Angele Pullman,apullmanf5,IY2c9lCzQ,apullmanf5@skype.com
547,Aland Comini,acominif6,oxLmrv1cLysg,acominif6@blogger.com
548,Winnah Kingcote,wkingcotef7,nEF9bbN,wkingcotef7@arizona.edu
549,Janey Watkiss,jwatkissf8,5kMZFQO0M,jwatkissf8@hc360.com
550,Aguistin Villa,avillaf9,KMn6UA4j,avillaf9@dropbox.com
551,Carol-jean Dyne,cdynefa,KDmF2dmPX,cdynefa@ocn.ne.jp
552,Kassie Macourek,kmacourekfb,XomTQ45N,kmacourekfb@google.ru
553,Park Rymell,prymellfc,iVKBbf3q,prymellfc@prnewswire.com
554,Rabi Reboulet,rrebouletfd,EO9AyrvIr3,rrebouletfd@psu.edu
555,Maddi Kettlestringe,mkettlestringefe,hClIA6EzPPTu,mkettlestringefe@github.com
556,Coop Mithon,cmithonff,HreMKnyv4cxN,cmithonff@ebay.co.uk
557,Perren Ygoe,pygoefg,LAGadsBJPkF,pygoefg@ed.gov
558,Annetta McArley,amcarleyfh,w17t7WIb894,amcarleyfh@plala.or.jp
559,Randell Linkin,rlinkinfi,3jJ2BZv8H,rlinkinfi@aol.com
560,Fayre Attew,fattewfj,sVrWLztD,fattewfj@surveymonkey.com
561,Aryn Jago,ajagofk,Dd7aXoFcC,ajagofk@mtv.com
562,Marti Tuplin,mtuplinfl,9T515b,mtuplinfl@google.ru
563,Patrizia Richardes,prichardesfm,P9KP4W,prichardesfm@usgs.gov
564,Ede Eeles,eeelesfn,2RTr895,eeelesfn@alibaba.com
565,Allina Hambly,ahamblyfo,HZLeB5GByeUy,ahamblyfo@google.es
566,Georas Adriaan,gadriaanfp,SJK954YjymWp,gadriaanfp@ed.gov
567,Raoul Quilleash,rquilleashfq,ksDXORY,rquilleashfq@nhs.uk
568,Shantee Vizor,svizorfr,x8GJOikP8wAu,svizorfr@telegraph.co.uk
569,Lucho Karchewski,lkarchewskifs,zDSyzZ0ZT9Hn,lkarchewskifs@comsenz.com
570,Brooks Maddox,bmaddoxft,SWUv9sZD,bmaddoxft@photobucket.com
571,Erasmus Cicutto,ecicuttofu,RgGVQOC3OQ,ecicuttofu@ucsd.edu
572,Dorothea Peniello,dpeniellofv,6xviFrPIFp,dpeniellofv@histats.com
573,Patric Masson,pmassonfw,kXoXKjI5B,pmassonfw@amazonaws.com
574,Valentia Hurne,vhurnefx,WK3fPA7Oh,vhurnefx@unicef.org
575,Berti Mandres,bmandresfy,VMVXSFbFBcAC,bmandresfy@ameblo.jp
576,Frankie Vanns,fvannsfz,flBsdDb,fvannsfz@shop-pro.jp
577,Jehu Viste,jvisteg0,FsOqEBL0WM,jvisteg0@noaa.gov
578,Kennedy McCallion,kmccalliong1,Qr4T2K,kmccalliong1@amazon.de
579,Gretchen McComiskey,gmccomiskeyg2,7968h76op,gmccomiskeyg2@admin.ch
580,Alexandros Mepham,amephamg3,J20kGf9CBiIv,amephamg3@fotki.com
581,Derry Goodere,dgoodereg4,L9ZrhO,dgoodereg4@yelp.com
582,Niel todor,ntodorg5,Lq2AzM,ntodorg5@usatoday.com
583,Cullen Noble,cnobleg6,XYSSo6BJNL,cnobleg6@pbs.org
584,Wait Beeton,wbeetong7,0TWjWwMA,wbeetong7@npr.org
585,Doug Swynley,dswynleyg8,8YoCLq25,dswynleyg8@goo.ne.jp
586,Alejoa Cressingham,acressinghamg9,leSdGFY,acressinghamg9@privacy.gov.au
587,Dolorita Simioli,dsimioliga,6unHeljnLb,dsimioliga@mayoclinic.com
588,Essa Allmond,eallmondgb,LuaJnV,eallmondgb@ucsd.edu
589,Dimitri Robjents,drobjentsgc,wyOdoRsXgM,drobjentsgc@delicious.com
590,Coretta Genn,cgenngd,tH8JNbKX6s,cgenngd@answers.com
591,Darrelle Cammell,dcammellge,YXIgov6hJg,dcammellge@php.net
592,Orton Slewcock,oslewcockgf,hnbRDHu,oslewcockgf@who.int
593,Mendy Boydon,mboydongg,UZIrvZ26QHc,mboydongg@geocities.com
594,Barbra Leggatt,bleggattgh,79rjtX,bleggattgh@google.it
595,Jerry Hammerberger,jhammerbergergi,Nh3R4fS,jhammerbergergi@economist.com
596,Arlin Skippings,askippingsgj,WQMUbh75,askippingsgj@odnoklassniki.ru
597,Joannes Purcell,jpurcellgk,dxYVOC4N,jpurcellgk@columbia.edu
598,Farly Blaxlande,fblaxlandegl,rZkeMr3,fblaxlandegl@live.com
599,Augustina Wicken,awickengm,MAOPHA2WXi0K,awickengm@google.es
600,Paula Frohock,pfrohockgn,xl9PvZx,pfrohockgn@sciencedirect.com
601,Kimbra Johananoff,kjohananoffgo,8PJgRJ,kjohananoffgo@wufoo.com
602,Darlene Edney,dedneygp,UpwYoIN1DNS,dedneygp@unesco.org
603,Liane Joney,ljoneygq,QBwDf6tYLK,ljoneygq@usgs.gov
604,Cortie Crolly,ccrollygr,eQbicn6PA1cI,ccrollygr@odnoklassniki.ru
605,Shelden Place,splacegs,jBpFLHfKS,splacegs@goo.ne.jp
606,Muire Phythean,mphytheangt,2koevyK,mphytheangt@sina.com.cn
607,Roz Orris,rorrisgu,R4gJit1,rorrisgu@mayoclinic.com
608,Arny Hick,ahickgv,JM64i7AX3Xm,ahickgv@wufoo.com
609,Deeanne Coram,dcoramgw,2CaPf1vg,dcoramgw@altervista.org
610,Igor Hitcham,ihitchamgx,ediz81lv4OC,ihitchamgx@printfriendly.com
611,Gabbie Darinton,gdarintongy,IgCdw841kob,gdarintongy@webnode.com
612,Lorrin Cardello,lcardellogz,4o5mFzqR9kr,lcardellogz@apache.org
613,Dani Walkey,dwalkeyh0,zXuO49Kb2AW,dwalkeyh0@ask.com
614,Horacio Muggeridge,hmuggeridgeh1,cQXatZkuhE,hmuggeridgeh1@storify.com
615,Aubry Loble,alobleh2,oeUSD3b,alobleh2@google.com.br
616,Saloma Leonard,sleonardh3,wg1l1E,sleonardh3@springer.com
617,Henri Castelow,hcastelowh4,4Q7Oqb,hcastelowh4@ucoz.ru
618,Carmelle Losano,closanoh5,2cLxq3jI8Ll,closanoh5@npr.org
619,Keri Brasse,kbrasseh6,gJF2Orcv,kbrasseh6@unicef.org
620,Shell Lemmertz,slemmertzh7,9VASfsxiT,slemmertzh7@technorati.com
621,Flo Pelham,fpelhamh8,UT85xcr7963k,fpelhamh8@ocn.ne.jp
622,Frances Gress,fgressh9,BZZXiTOA,fgressh9@state.tx.us
623,Kayne Kantor,kkantorha,rjijdMxoe6fx,kkantorha@oakley.com
624,Theobald Phayre,tphayrehb,Vka1KzEqt0,tphayrehb@reddit.com
625,Yancey Leeming,yleeminghc,MATPGhe,yleeminghc@narod.ru
626,Trev Lennie,tlenniehd,5TMKjwqICCsF,tlenniehd@thetimes.co.uk
627,Nicolais Letchford,nletchfordhe,T1oe7g,nletchfordhe@twitter.com
628,Valaria Hullock,vhullockhf,FNFaF6,vhullockhf@gmpg.org
629,Jakie Dalgetty,jdalgettyhg,eVVJEDrD7,jdalgettyhg@weibo.com
630,Cory Bohman,cbohmanhh,RQTSuVpgh,cbohmanhh@slate.com
631,Zachariah Etoile,zetoilehi,tDuA1d,zetoilehi@macromedia.com
632,Dannel Kiezler,dkiezlerhj,f0u7Or,dkiezlerhj@facebook.com
633,Dolorita Fellini,dfellinihk,axH979,dfellinihk@cbsnews.com
634,Annabela Lively,alivelyhl,a3b8WwqmJHza,alivelyhl@youku.com
635,Prinz Delafoy,pdelafoyhm,Ck3IhKROgDNp,pdelafoyhm@jigsy.com
636,Rocky Darlow,rdarlowhn,WOInY13,rdarlowhn@dyndns.org
637,Winfred Tilly,wtillyho,ruduaPAtz,wtillyho@bbc.co.uk
638,Kenneth Leinweber,kleinweberhp,iB25C850,kleinweberhp@github.io
639,Talbert Mumby,tmumbyhq,yp7spWGZd,tmumbyhq@t-online.de
640,Corinne Rickarsey,crickarseyhr,bHUTcEoMgP,crickarseyhr@example.com
641,Lucais Shard,lshardhs,zn1j370d0Q,lshardhs@dagondesign.com
642,Horton Kornilyev,hkornilyevht,lBl1kWN8I,hkornilyevht@ovh.net
643,Benyamin Thoresbie,bthoresbiehu,L2laQX5DBp,bthoresbiehu@rakuten.co.jp
644,Demetris Mattedi,dmattedihv,UxU8VWMeI,dmattedihv@netvibes.com
645,Wilmette Arro,warrohw,JtAtyJS,warrohw@weibo.com
646,Minnnie Woodworth,mwoodworthhx,nqSqsyM,mwoodworthhx@aol.com
647,Magnum Tulleth,mtullethhy,jlI52W,mtullethhy@sakura.ne.jp
648,Kilian Hayley,khayleyhz,iElEl1,khayleyhz@hao123.com
649,Hermann Fipp,hfippi0,bLCaG4,hfippi0@cmu.edu
650,Nedi Nother,nnotheri1,f7ZESeYY,nnotheri1@usgs.gov
651,Lonny Bowley,lbowleyi2,ioZadu1X5ZZ,lbowleyi2@bluehost.com
652,Othello Phinn,ophinni3,i41DkKaT,ophinni3@cbslocal.com
653,Kinna Bailess,kbailessi4,rStlen1LrL0,kbailessi4@icio.us
654,Olag Alliberton,oallibertoni5,uE7eLdLh,oallibertoni5@shop-pro.jp
655,Des Fitch,dfitchi6,aOEone2D0i,dfitchi6@wikipedia.org
656,Graham Motten,gmotteni7,sFmi1hPHYXx,gmotteni7@aboutads.info
657,Sofie Priddle,spriddlei8,4essC0pH,spriddlei8@columbia.edu
658,Almeta Odger,aodgeri9,plkM2Xv,aodgeri9@yahoo.com
659,Maddalena Meese,mmeeseia,q4mH8W0D,mmeeseia@rakuten.co.jp
660,Odilia Aloway,oalowayib,m14WSUh,oalowayib@si.edu
661,Jacqueline Peddie,jpeddieic,hnkOgaR,jpeddieic@quantcast.com
662,Anderea Bleaden,ableadenid,37AQm5hQjK4c,ableadenid@privacy.gov.au
663,Richard Evins,revinsie,623Y9fIy,revinsie@aboutads.info
664,Mill Kitchaside,mkitchasideif,DMH72zBlb,mkitchasideif@is.gd
665,Etan Yearns,eyearnsig,PHKLlVKDY5,eyearnsig@tamu.edu
666,Aurie Frome,afromeih,6qL9HW2Cj60o,afromeih@nba.com
667,Torrance Grishenkov,tgrishenkovii,stoF7T9T9m7,tgrishenkovii@psu.edu
668,Ludovika Treasaden,ltreasadenij,cVOxzEPxEi,ltreasadenij@ehow.com
669,Rhonda Gelland,rgellandik,cTsY3TAYFL,rgellandik@vimeo.com
670,Alejandra Jersch,ajerschil,NuKVvWZhIPXV,ajerschil@shareasale.com
671,Valaree Gauge,vgaugeim,w4tIavEYW,vgaugeim@blinklist.com
672,Patsy Werrit,pwerritin,FWzNwO5Y,pwerritin@exblog.jp
673,Kellia Muddimer,kmuddimerio,GPUmSN1,kmuddimerio@hexun.com
674,Riannon Redborn,rredbornip,uc7v6Ay,rredbornip@sourceforge.net
675,Shaughn Swait,sswaitiq,2ModSt,sswaitiq@amazon.de
676,Marty Humberston,mhumberstonir,eoN5zhYlz1,mhumberstonir@artisteer.com
677,Sonni Leyman,sleymanis,HNeInaJz,sleymanis@cnbc.com
678,Emmerich Rabl,erablit,fevmBrlGuuO,erablit@upenn.edu
679,Tallie Teasell,tteaselliu,vrmAInc5L,tteaselliu@europa.eu
680,Adele Garroway,agarrowayiv,gcyMquS,agarrowayiv@list-manage.com
681,Kania Jaffra,kjaffraiw,L5n5c0BkNQy,kjaffraiw@i2i.jp
682,Clifford Gomery,cgomeryix,9ZNVVHnZzD,cgomeryix@shutterfly.com
683,Tan MacCleay,tmaccleayiy,C4RyXup4,tmaccleayiy@51.la
684,Tito Walkley,twalkleyiz,W879HoPr0Avn,twalkleyiz@t-online.de
685,Elna Hembery,ehemberyj0,ygxgTxPV6MV,ehemberyj0@creativecommons.org
686,Babb Di Pietro,bdij1,AQImAj7ft,bdij1@ftc.gov
687,Anestassia Marshman,amarshmanj2,zYAIaX,amarshmanj2@nature.com
688,Mandel Marval,mmarvalj3,P9abjXzz,mmarvalj3@shutterfly.com
689,Nealon Milley,nmilleyj4,gvTsOu,nmilleyj4@cyberchimps.com
690,Genny Axon,gaxonj5,2TsegF,gaxonj5@ovh.net
691,Rafa Dillicate,rdillicatej6,c0IFdaq0a74K,rdillicatej6@yellowpages.com
692,Saxe Pawfoot,spawfootj7,Uws8K3XDjea,spawfootj7@salon.com
693,Stephen Roscoe,sroscoej8,Xovz4n,sroscoej8@apache.org
694,Penn Glenister,pglenisterj9,eyLWMr6y,pglenisterj9@ucoz.com
695,Robinet Bold,rboldja,Jc0HR8R,rboldja@g.co
696,Ashien Leven,alevenjb,ZFgAuXdqKg,alevenjb@si.edu
697,Rasia Ekell,rekelljc,6ohSCxEA8,rekelljc@surveymonkey.com
698,Georgeta Rainford,grainfordjd,hnANTfB,grainfordjd@list-manage.com
699,Mirabella Gerrelts,mgerreltsje,FOKYqGtMA9o,mgerreltsje@myspace.com
700,Sonnnie Annott,sannottjf,sQYOww,sannottjf@reddit.com
701,Garnette Horsburgh,ghorsburghjg,JIRXTCMQAQSN,ghorsburghjg@flavors.me
702,Guthrey McGeagh,gmcgeaghjh,rNWIcY,gmcgeaghjh@symantec.com
703,Conway Maren,cmarenji,b3yuG0i,cmarenji@smugmug.com
704,Penni Ivanaev,pivanaevjj,R0DeK2HJj,pivanaevjj@bluehost.com
705,Moshe Ascrofte,mascroftejk,rq2NzdTN,mascroftejk@friendfeed.com
706,Dalia Watkins,dwatkinsjl,zm8iBSpP2o,dwatkinsjl@goodreads.com
707,Inge Papps,ipappsjm,AxxladXiwtt,ipappsjm@about.com
708,Sanford Sabater,ssabaterjn,fpS3S1X7cAo,ssabaterjn@indiatimes.com
709,Damien Blagden,dblagdenjo,GkD2e8Ql,dblagdenjo@walmart.com
710,Heath Gell,hgelljp,O1N8H5sOX,hgelljp@nasa.gov
711,Dennis Gianni,dgiannijq,XXqfm1HEWS,dgiannijq@engadget.com
712,Seumas Sell,sselljr,3JQICZke,sselljr@dion.ne.jp
713,Tybi Nanuccioi,tnanuccioijs,Pykgd1w,tnanuccioijs@gravatar.com
714,Rafaela Honeywood,rhoneywoodjt,5hJQ0sZyAHh,rhoneywoodjt@booking.com
715,Sherm Breche,sbrecheju,LzkTaR2x,sbrecheju@ted.com
716,Lynelle Cullinane,lcullinanejv,2zFv8HFk,lcullinanejv@ed.gov
717,Brodie Eickhoff,beickhoffjw,yxczh4DR,beickhoffjw@jalbum.net
718,Daryl Levene,dlevenejx,2j4iQIE7YD,dlevenejx@123-reg.co.uk
719,Obadias Monaghan,omonaghanjy,NN0zUmqCW,omonaghanjy@hhs.gov
720,Gilbertine Ehlerding,gehlerdingjz,cZ8McqNk0,gehlerdingjz@time.com
721,Jamie Fairpo,jfairpok0,Zej4a8ZaxTlp,jfairpok0@google.it
722,Floris Harvey,fharveyk1,PGdhf6LNXpT,fharveyk1@rakuten.co.jp
723,Hollyanne Corser,hcorserk2,vYwQGU,hcorserk2@deliciousdays.com
724,Meade Bulfield,mbulfieldk3,u6N3X79CkE,mbulfieldk3@jalbum.net
725,Thaddeus Piatto,tpiattok4,jumghPuRCng,tpiattok4@weather.com
726,Crawford Strathdee,cstrathdeek5,kKd5PKb4d,cstrathdeek5@blogger.com
727,Bill Caramuscia,bcaramusciak6,IE09upDEUar,bcaramusciak6@blogger.com
728,Emery Cheasman,echeasmank7,VzAfE7XQrtl3,echeasmank7@comsenz.com
729,Kendal Church,kchurchk8,gQFQQMNXT,kchurchk8@google.com.hk
730,Emlynn Eversley,eeversleyk9,xiWVT6Z,eeversleyk9@skyrock.com
731,Sioux Bisgrove,sbisgroveka,8ALoJZZD42,sbisgroveka@addthis.com
732,Josiah Luckin,jluckinkb,5fZgYVZ8Zf2,jluckinkb@ed.gov
733,Ailbert Teasdale,ateasdalekc,lMCbWqI2lYQB,ateasdalekc@shinystat.com
734,Asher O'Cridigan,aocridigankd,w2ymdByJ,aocridigankd@ft.com
735,Caspar Wicher,cwicherke,Q05bTkO,cwicherke@homestead.com
736,Dore Fedynski,dfedynskikf,834hs8pe4iy,dfedynskikf@ustream.tv
737,Lee Scola,lscolakg,mEwdjzasp7h,lscolakg@businessweek.com
738,Alexa McCathy,amccathykh,8Ab4HUB,amccathykh@ebay.com
739,Corilla Hearfield,chearfieldki,zagWMt,chearfieldki@theglobeandmail.com
740,Giralda Aikman,gaikmankj,zfpzueTGYF,gaikmankj@gnu.org
741,Berny Ech,bechkk,ydZvPf9Syx5,bechkk@biglobe.ne.jp
742,Kassi Gorse,kgorsekl,pd6jp0uWHUi,kgorsekl@etsy.com
743,Antone Attwell,aattwellkm,5KFHuUE,aattwellkm@ted.com
744,Eric Hawkeswood,ehawkeswoodkn,3iDvGDZN8Tdz,ehawkeswoodkn@artisteer.com
745,Mia Riolfo,mriolfoko,hbAW0S2K,mriolfoko@facebook.com
746,Janel Rhyme,jrhymekp,9yEhbJ,jrhymekp@php.net
747,Donn Carney,dcarneykq,iDBO8zfh,dcarneykq@nasa.gov
748,Bendite Maltman,bmaltmankr,PPo7gVDh1,bmaltmankr@scientificamerican.com
749,Aubrette Turford,aturfordks,1UI46o,aturfordks@tinyurl.com
750,Prue Silvester,psilvesterkt,2SBT05iu,psilvesterkt@bing.com
751,Nikolia Nicklinson,nnicklinsonku,zG5OuqhEz,nnicklinsonku@seesaa.net
752,Rosanna Onions,ronionskv,z12oIHwg4b,ronionskv@purevolume.com
753,Tamqrah Dorn,tdornkw,EnjFZvHte,tdornkw@mayoclinic.com
754,Jeromy Olkowicz,jolkowiczkx,HXgostHQCu,jolkowiczkx@timesonline.co.uk
755,Odelinda Wolfer,owolferky,dUgeuiQJI,owolferky@wufoo.com
756,Mickey Lockner,mlocknerkz,F0DFxwDXkR,mlocknerkz@ustream.tv
757,Bjorn Watkins,bwatkinsl0,D0wdt5,bwatkinsl0@alibaba.com
758,Donni Waszczyk,dwaszczykl1,NeI6dbIaRT,dwaszczykl1@wikia.com
759,Vally Donavan,vdonavanl2,kDDju7nuT5,vdonavanl2@free.fr
760,Angil Dulling,adullingl3,3256Orx,adullingl3@newsvine.com
761,Bethena Scurrah,bscurrahl4,jRmXsE,bscurrahl4@blogs.com
762,Ange Belson,abelsonl5,QrLT8a,abelsonl5@shinystat.com
763,Constantina Dunstone,cdunstonel6,4FkgUnmsA,cdunstonel6@godaddy.com
764,Harmonie Bolsover,hbolsoverl7,LP1A4LKJr2UQ,hbolsoverl7@e-recht24.de
765,Louisette Stear,lstearl8,A89JWHu,lstearl8@creativecommons.org
766,Dorice Canto,dcantol9,awi8O9SV2Sej,dcantol9@ca.gov
767,Lib Middis,lmiddisla,4zOyfc,lmiddisla@moonfruit.com
768,Salomon Ragborne,sragbornelb,Zr6oQyNt,sragbornelb@yellowbook.com
769,Jimmie Henriksson,jhenrikssonlc,SGAikBigz,jhenrikssonlc@example.com
770,Genvieve Prue,gprueld,2j4NXd5,gprueld@earthlink.net
771,Ainsley Crotty,acrottyle,K1PqLTB,acrottyle@dagondesign.com
772,Mamie Soloway,msolowaylf,qPh6k5KOFoR,msolowaylf@yellowbook.com
773,Clarance Fogt,cfogtlg,tK6pDkgA,cfogtlg@jigsy.com
774,Giana Hanhard,ghanhardlh,ijMDgXQ6M0o7,ghanhardlh@seesaa.net
775,Robbi Guitton,rguittonli,rEZKSDLUv66,rguittonli@slideshare.net
776,Alonzo Stailey,astaileylj,ZTSzHiHVhW,astaileylj@w3.org
777,Clovis Mitchener,cmitchenerlk,KeIda7Cby,cmitchenerlk@blogger.com
778,Gae Buckley,gbuckleyll,nYQQxv9s9HiZ,gbuckleyll@delicious.com
779,Brittany Corbie,bcorbielm,hNCw7CX,bcorbielm@statcounter.com
780,Udall Messom,umessomln,D2L2EZGJy9s,umessomln@gravatar.com
781,Brand Erley,berleylo,SXju0Z,berleylo@netlog.com
782,Sibby Tumasian,stumasianlp,aE0QO3DM,stumasianlp@cyberchimps.com
783,Abramo Verner,avernerlq,Pd2iqLKrh,avernerlq@whitehouse.gov
784,Yorgos Groarty,ygroartylr,aAjoG8g8,ygroartylr@surveymonkey.com
785,Reina Marqyes,rmarqyesls,9yNLzFqa,rmarqyesls@cmu.edu
786,Raimondo Petyakov,rpetyakovlt,bl4MiqpwBh,rpetyakovlt@auda.org.au
787,Gerladina Steely,gsteelylu,u17KrBI3,gsteelylu@cloudflare.com
788,Holt Rizon,hrizonlv,fe7WYbM,hrizonlv@irs.gov
789,Francklyn Vlasenkov,fvlasenkovlw,NLMwxsCXC7e,fvlasenkovlw@statcounter.com
790,Myca Hairesnape,mhairesnapelx,qdnepd8gp5,mhairesnapelx@cdc.gov
791,Rolfe Kitchen,rkitchenly,48COeTZ,rkitchenly@princeton.edu
792,Germaine Rawet,grawetlz,UnhkMUtNEx,grawetlz@surveymonkey.com
793,Leanora Antoszczyk,lantoszczykm0,eq2GqxFT8H,lantoszczykm0@webs.com
794,Rivkah O'Heyne,roheynem1,sdlaCLd8Ma8,roheynem1@vistaprint.com
795,Karel Soreau,ksoreaum2,uiSbTiUEh8L,ksoreaum2@house.gov
796,Free Heisler,fheislerm3,1od17fySbAbc,fheislerm3@joomla.org
797,Oralie Trustrie,otrustriem4,nNLntDtf,otrustriem4@ucsd.edu
798,Anny Schall,aschallm5,Oj3CM0uiiOV,aschallm5@nydailynews.com
799,Christie Cobain,ccobainm6,kcY8TnfL,ccobainm6@skyrock.com
800,Oralia Byk,obykm7,BCgRZZZjq,obykm7@digg.com
801,Piper Truscott,ptruscottm8,tkUWa4p,ptruscottm8@psu.edu
802,Barbette Straniero,bstranierom9,egPeWXda,bstranierom9@seesaa.net
803,Jana Cookney,jcookneyma,knlfIp4lm,jcookneyma@devhub.com
804,Shandy Gelder,sgeldermb,MVpMLOM,sgeldermb@issuu.com
805,Berta Ort,bortmc,E8E1d9mO,bortmc@ezinearticles.com
806,Kaycee Ghelardi,kghelardimd,tjR3bskj1JwU,kghelardimd@spotify.com
807,Bernie Dominichetti,bdominichettime,KoMxIZgzx3,bdominichettime@dropbox.com
808,Verene Gregolotti,vgregolottimf,o8pC9G2,vgregolottimf@cmu.edu
809,Aldin Braham,abrahammg,R9KSOzJb,abrahammg@smugmug.com
810,Aurie Strutley,astrutleymh,qfHIsPWKcBhY,astrutleymh@state.tx.us
811,Kermie Robbert,krobbertmi,DNPEY5PyMa,krobbertmi@blogs.com
812,Uta Klemz,uklemzmj,IUVHjQ,uklemzmj@paypal.com
813,Fedora McCulley,fmcculleymk,97ex1o1ZvX,fmcculleymk@google.com.au
814,Doralia Sturman,dsturmanml,Av6dQueaFp9,dsturmanml@1688.com
815,Cris Rootes,crootesmm,jBmuOMq9q,crootesmm@woothemes.com
816,Aubrey Fryatt,afryattmn,zeMils,afryattmn@technorati.com
817,Tadio Oppy,toppymo,coaDE21Iz,toppymo@examiner.com
818,Kaile Juster,kjustermp,U0DaAKpUhOiS,kjustermp@cnn.com
819,Herminia Schreiner,hschreinermq,yASbOO,hschreinermq@desdev.cn
820,Theresa Gopsall,tgopsallmr,5Ox5DHmhz,tgopsallmr@weebly.com
821,Emelita Hamsson,ehamssonms,jRcYni,ehamssonms@hostgator.com
822,Beverly MacAirt,bmacairtmt,zvXTebD,bmacairtmt@php.net
823,Spike Foskett,sfoskettmu,c6gDl9bO5HA,sfoskettmu@netscape.com
824,Ollie Londesborough,olondesboroughmv,CLSQYCjCDmtn,olondesboroughmv@example.com
825,Arlen Benfell,abenfellmw,hRriIj8VRzI,abenfellmw@google.it
826,Byrom Wetherby,bwetherbymx,UEvl53ii,bwetherbymx@dropbox.com
827,Lay Brockelsby,lbrockelsbymy,fmoMhq,lbrockelsbymy@multiply.com
828,Dawna Thurman,dthurmanmz,9NeIOV7K,dthurmanmz@de.vu
829,Rodie Kingsman,rkingsmann0,8ZKhWnFAGaz,rkingsmann0@google.ru
830,Averill De Fries,aden1,ogmNcxz9l6LV,aden1@home.pl
831,Katharina Uebel,kuebeln2,THMHswu4krXR,kuebeln2@dagondesign.com
832,Lynett Lockley,llockleyn3,fn60U7QLNAnw,llockleyn3@4shared.com
833,Sydney Goodrum,sgoodrumn4,6MMpBsphTLb,sgoodrumn4@digg.com
834,Orel Letham,olethamn5,pwjrcod,olethamn5@nps.gov
835,Piotr Gallety,pgalletyn6,fRLabB,pgalletyn6@purevolume.com
836,Doy Reggiani,dreggianin7,YCj9ip61u,dreggianin7@paginegialle.it
837,Dulsea Cristobal,dcristobaln8,Kewd9DCi,dcristobaln8@godaddy.com
838,Faun Colt,fcoltn9,dQ0f0j,fcoltn9@fc2.com
839,Karoline Cleynman,kcleynmanna,7EYf4D8,kcleynmanna@netvibes.com
840,Augustin Cadwallader,acadwalladernb,aM5XLzIEG2,acadwalladernb@e-recht24.de
841,Reginauld Daly,rdalync,MTwmaDDVPDj4,rdalync@omniture.com
842,Margo Giggie,mgiggiend,803NMaDAs,mgiggiend@boston.com
843,Sancho Leinthall,sleinthallne,FNhjJ4myH,sleinthallne@paypal.com
844,Win Kibby,wkibbynf,sTGVbv,wkibbynf@usa.gov
845,Dorotea de Villier,ddeng,ONft3qaVeWbf,ddeng@webs.com
846,Ariana Godwyn,agodwynnh,oely3c3KZhqq,agodwynnh@japanpost.jp
847,Lodovico Fordy,lfordyni,WlRcOkKSJ,lfordyni@va.gov
848,Albertina Daburn,adaburnnj,ZRDTcuoXse,adaburnnj@patch.com
849,Robert Flatt,rflattnk,lbzKBCq,rflattnk@mit.edu
850,Bar Geipel,bgeipelnl,q1HRBPIH,bgeipelnl@sphinn.com
851,Mel Riglesford,mriglesfordnm,rjBAy5FwP5,mriglesfordnm@e-recht24.de
852,Royal Earles,rearlesnn,OiAermUr,rearlesnn@quantcast.com
853,Gibbie Hens,ghensno,4st3im,ghensno@jugem.jp
854,Donni Eddoes,deddoesnp,ljZUT97jXkzl,deddoesnp@sitemeter.com
855,Tiff Rowly,trowlynq,xRe93O,trowlynq@wikia.com
856,Killian McNaught,kmcnaughtnr,YcLNysA,kmcnaughtnr@blinklist.com
857,Agace Blaymires,ablaymiresns,1FtYes3Xp82g,ablaymiresns@free.fr
858,Timmy Stephenson,tstephensonnt,uDVeNQlUgcr9,tstephensonnt@lycos.com
859,Marcelia Guinn,mguinnnu,9qydG1Wwto,mguinnnu@diigo.com
860,Lizette Ciepluch,lciepluchnv,iIIk74,lciepluchnv@cmu.edu
861,Caro Orchart,corchartnw,mW6TUi1O,corchartnw@angelfire.com
862,Melva Watsam,mwatsamnx,KP6Gkc,mwatsamnx@arizona.edu
863,Deeyn Matiewe,dmatieweny,1KMPGf,dmatieweny@latimes.com
864,Lizbeth Rubbens,lrubbensnz,mH6cow,lrubbensnz@washington.edu
865,Gerri Gurr,ggurro0,L1OWtm,ggurro0@theatlantic.com
866,Aila Pardue,apardueo1,py5oO2Vd,apardueo1@creativecommons.org
867,Ches Tompkins,ctompkinso2,Nm3dtHEM1,ctompkinso2@shinystat.com
868,Carley Feilden,cfeildeno3,5QnYpigdbH,cfeildeno3@digg.com
869,Kassey Gerkens,kgerkenso4,UNe0jrzatv,kgerkenso4@qq.com
870,Catlin Karpmann,ckarpmanno5,8Clvsc,ckarpmanno5@opera.com
871,Remus Angus,ranguso6,ck0uXVfP8oM,ranguso6@tinyurl.com
872,Adrianne Dudden,aduddeno7,9xzPxIVMIYs,aduddeno7@bravesites.com
873,Aldric Norquay,anorquayo8,ygSkim7TB,anorquayo8@nymag.com
874,Madalyn Stoner,mstonero9,mhnfZ9Ygj,mstonero9@e-recht24.de
875,Sanford McAlees,smcaleesoa,1K3luQG,smcaleesoa@cdbaby.com
876,Vachel Rubinshtein,vrubinshteinob,et0jo7D9ICKU,vrubinshteinob@epa.gov
877,Collie Ritchard,critchardoc,3FKT6ZVftT,critchardoc@clickbank.net
878,Jada Baudet,jbaudetod,UcbCwm,jbaudetod@scribd.com
879,Garrick Sjollema,gsjollemaoe,sHVO7X,gsjollemaoe@kickstarter.com
880,Frannie Smedmore,fsmedmoreof,ctA9AQ0P,fsmedmoreof@amazon.de
881,Gabi Rawling,grawlingog,UB24WYbGWypF,grawlingog@google.ru
882,Freddie Ditzel,fditzeloh,xz6uCZ,fditzeloh@storify.com
883,Otis Kleinberer,okleinbereroi,GksfZypa,okleinbereroi@oracle.com
884,Susanna Osinin,sosininoj,GgvLiUjIJrjc,sosininoj@economist.com
885,Demetrius Jellings,djellingsok,qFrlCOdw2,djellingsok@canalblog.com
886,Gard Mattosoff,gmattosoffol,IkSbeYkYlgc,gmattosoffol@jiathis.com
887,Leelah Cham,lchamom,OXXNQP,lchamom@wp.com
888,Byran Sleite,bsleiteon,KpAiZh3IG4gj,bsleiteon@dmoz.org
889,Charlean Ohms,cohmsoo,qx1JCC4TU,cohmsoo@topsy.com
890,Dania Domeney,ddomeneyop,a8VFrL6ki,ddomeneyop@odnoklassniki.ru
891,Mortimer Oleshunin,moleshuninoq,8JflCZ,moleshuninoq@facebook.com
892,Nerti Antushev,nantushevor,raDKLQbb1LMU,nantushevor@salon.com
893,Jorry Jaffray,jjaffrayos,M8ybPfcsHOc,jjaffrayos@scribd.com
894,Gaspard Broadwood,gbroadwoodot,dCnfXwj,gbroadwoodot@yelp.com
895,Simon Lowmass,slowmassou,V17IYa,slowmassou@opera.com
896,Staffard Camock,scamockov,Z07mMt2C5P6,scamockov@multiply.com
897,Willi Chapelhow,wchapelhowow,Koel0vvi8,wchapelhowow@blogs.com
898,Joshua Louch,jlouchox,6y99rmK,jlouchox@taobao.com
899,Sid Doughill,sdoughilloy,W1pUGy,sdoughilloy@instagram.com
900,Pinchas O'Shields,poshieldsoz,lmQtbP56,poshieldsoz@nba.com
901,Latrina Worvell,lworvellp0,cyLp0dDIUfK,lworvellp0@tinyurl.com
902,Morley Fackney,mfackneyp1,OIXsm9IwBrM,mfackneyp1@cyberchimps.com
903,Gabriel Linkie,glinkiep2,e81AC1Wl,glinkiep2@ovh.net
904,Eleanora Duggen,eduggenp3,U2d0QA5NMu,eduggenp3@lulu.com
905,Cordie Kenny,ckennyp4,FieSdt,ckennyp4@weather.com
906,Paulita Elsip,pelsipp5,ziQUXo,pelsipp5@cbc.ca
907,Kirk Stummeyer,kstummeyerp6,MG8C76gVuWj,kstummeyerp6@bizjournals.com
908,Meridith Bernuzzi,mbernuzzip7,QP46AJPoYh,mbernuzzip7@army.mil
909,Laughton Wixey,lwixeyp8,mXbxCrhQ9,lwixeyp8@mail.ru
910,Reynolds Mayall,rmayallp9,nOy4wCSxeoD,rmayallp9@europa.eu
911,Karyn Rookeby,krookebypa,7piAiy,krookebypa@timesonline.co.uk
912,Leila Wingate,lwingatepb,AOKRGyLKz,lwingatepb@miibeian.gov.cn
913,Orlando Jouaneton,ojouanetonpc,mm7RGlu,ojouanetonpc@linkedin.com
914,Thorvald Kmieciak,tkmieciakpd,aQL1Vbm,tkmieciakpd@craigslist.org
915,Darius McCardle,dmccardlepe,xRls1Qs0AQ,dmccardlepe@delicious.com
916,Marsha Caulton,mcaultonpf,hmdx30,mcaultonpf@stumbleupon.com
917,Dannie Joscelyne,djoscelynepg,j7tAAvvm,djoscelynepg@goo.ne.jp
918,Cooper Ebbs,cebbsph,pJrKDaaqkack,cebbsph@pen.io
919,Myra Setterington,msetteringtonpi,lQVOMDjT9So4,msetteringtonpi@cdc.gov
920,Wain Coslitt,wcoslittpj,mpFjL4LTdE,wcoslittpj@mtv.com
921,Dian Gierok,dgierokpk,WhDHHb2yLh9,dgierokpk@redcross.org
922,Esta Grindell,egrindellpl,ihuLwUld,egrindellpl@microsoft.com
923,Starlene Allman,sallmanpm,49EuO4,sallmanpm@dedecms.com
924,Merline Fulop,mfuloppn,JKcX7aVlX,mfuloppn@themeforest.net
925,Guillermo Galea,ggaleapo,tqzvSYZFx,ggaleapo@nbcnews.com
926,Berni Lagne,blagnepp,RQtZjrc5t3Wr,blagnepp@upenn.edu
927,Herb Hulburd,hhulburdpq,9TKnHl3sB,hhulburdpq@google.co.uk
928,Cristionna Carpmile,ccarpmilepr,EeTgOwy,ccarpmilepr@tiny.cc
929,Ansel Petegree,apetegreeps,xeVpAv7,apetegreeps@fema.gov
930,Constantino Polo,cpolopt,Bx8XWY0,cpolopt@europa.eu
931,Harwilll Bagenal,hbagenalpu,ZawIk0,hbagenalpu@ted.com
932,Beret Worssam,bworssampv,JjrW6Tsrs,bworssampv@newyorker.com
933,Marshall Bauser,mbauserpw,HtYM5TyXoOqO,mbauserpw@seattletimes.com
934,Miriam Symes,msymespx,8VuJiwps,msymespx@usnews.com
935,Mirna Pyle,mpylepy,VBmUF95FHd5o,mpylepy@ycombinator.com
936,Alfy Dodds,adoddspz,fGFjL4SoDR95,adoddspz@hp.com
937,Worden Dhennin,wdhenninq0,RrHduVKX,wdhenninq0@blogs.com
938,Natal Loble,nlobleq1,lIdBrw4,nlobleq1@google.com.au
939,Nevil Pendry,npendryq2,CaEQEef,npendryq2@epa.gov
940,Barnett Cockcroft,bcockcroftq3,6yuLKe3XwE,bcockcroftq3@yahoo.com
941,Weber Bedle,wbedleq4,PQCAsgM,wbedleq4@4shared.com
942,Ly Fenner,lfennerq5,MQR0mTKegWsd,lfennerq5@bing.com
943,Derril Radleigh,dradleighq6,sHI7Q6w,dradleighq6@printfriendly.com
944,Sherry Radley,sradleyq7,nZW6ggRC6gHZ,sradleyq7@yolasite.com
945,Cindi Burth,cburthq8,bZtCeXzLc,cburthq8@moonfruit.com
946,Trip McKenny,tmckennyq9,8aRKTMT,tmckennyq9@infoseek.co.jp
947,Kaela McNaught,kmcnaughtqa,s85kYSc,kmcnaughtqa@comsenz.com
948,Vera Boolsen,vboolsenqb,C8ZgU4,vboolsenqb@usa.gov
949,Roth Dossantos,rdossantosqc,JRmuVQ,rdossantosqc@aboutads.info
950,Vanessa Borel,vborelqd,5k6MolR6v,vborelqd@bbb.org
951,Colby Fenning,cfenningqe,kXwS7NNNkSF,cfenningqe@yandex.ru
952,Elsinore Mc Curlye,emcqf,kz1GzG,emcqf@bbb.org
953,Dorothee Hawton,dhawtonqg,EPYDhGGDYLKq,dhawtonqg@intel.com
954,Ardelle McCartney,amccartneyqh,SzueUZq,amccartneyqh@hao123.com
955,Seumas Reedyhough,sreedyhoughqi,F3BeGiQTqj,sreedyhoughqi@biglobe.ne.jp
956,Quintana Lawler,qlawlerqj,9aMIEsr93iZ,qlawlerqj@wordpress.org
957,Spencer Fortoun,sfortounqk,DK4AwXohq1Q,sfortounqk@nydailynews.com
958,Karoly Lethby,klethbyql,5zRnC6Pmm,klethbyql@google.nl
959,Conny Ilem,cilemqm,OhPiUny,cilemqm@gizmodo.com
960,Danell Leupold,dleupoldqn,WCip1QMFUv,dleupoldqn@redcross.org
961,Glynn Meert,gmeertqo,ZeSrX5ch1,gmeertqo@rakuten.co.jp
962,Alfred Giacaponi,agiacaponiqp,o40yEEfS,agiacaponiqp@amazon.de
963,Leshia Yurenev,lyurenevqq,mxuI77cbH4h,lyurenevqq@marketwatch.com
964,Nicolea O'Neill,noneillqr,KasnLX2E,noneillqr@usa.gov
965,Mina Reece,mreeceqs,LGJbDDfqyD,mreeceqs@ox.ac.uk
966,Pate Van de Vlies,pvanqt,mqs7HJ,pvanqt@dion.ne.jp
967,Mab Pettegree,mpettegreequ,y8IVGW91z,mpettegreequ@seattletimes.com
968,Minor Toulmin,mtoulminqv,mrEfKU3Ewb,mtoulminqv@wsj.com
969,Loni Currom,lcurromqw,mvYZrSd,lcurromqw@addthis.com
970,Romola Bool,rboolqx,RgvzirGt,rboolqx@dropbox.com
971,Tina Yelden,tyeldenqy,dkqcRv,tyeldenqy@ebay.com
972,Neal Bernardeschi,nbernardeschiqz,R8f1VDd,nbernardeschiqz@timesonline.co.uk
973,Greta Gardiner,ggardinerr0,taXAetgeJt,ggardinerr0@indiegogo.com
974,Royall Body,rbodyr1,lSsSNya,rbodyr1@mail.ru
975,Debby Willavize,dwillavizer2,5sd35oi,dwillavizer2@baidu.com
976,Gleda Guittet,gguittetr3,svpBTB77,gguittetr3@yahoo.com
977,Rodd Bilbrooke,rbilbrooker4,EJh7SurNOjYm,rbilbrooker4@moonfruit.com
978,Janella Demeza,jdemezar5,iqDBktCG86,jdemezar5@netvibes.com
979,Harley Tamas,htamasr6,WQZZlywdyZF3,htamasr6@unc.edu
980,Alvina Prando,aprandor7,iX3qIHaG,aprandor7@guardian.co.uk
981,Philly Poulney,ppoulneyr8,M9gszdsv7,ppoulneyr8@nhs.uk
982,Karla Lickorish,klickorishr9,7Fxp5VelzfJ,klickorishr9@walmart.com
983,Sioux Cowthard,scowthardra,rCOJgS6A,scowthardra@rakuten.co.jp
984,Erwin Slaight,eslaightrb,cEsqfxoz,eslaightrb@digg.com
985,Hoyt Harrismith,hharrismithrc,7cICf9ww,hharrismithrc@amazon.co.uk
986,Alyson Laingmaid,alaingmaidrd,XhKAKk,alaingmaidrd@hatena.ne.jp
987,Dru Goggan,dgogganre,JANhfTp,dgogganre@de.vu
988,Ruthie Tarbert,rtarbertrf,5bC4O2LbS1O,rtarbertrf@lulu.com
989,Perry Yepiskopov,pyepiskopovrg,NPtL1XhvPt,pyepiskopovrg@apache.org
990,Fabe Imlin,fimlinrh,sgkShxUot,fimlinrh@weibo.com
991,Vernice Colson,vcolsonri,Z60YtrnYHQ,vcolsonri@narod.ru
992,Chauncey D'Costa,cdcostarj,vl34wW936,cdcostarj@privacy.gov.au
993,Palm Bygraves,pbygravesrk,7YPgUgst,pbygravesrk@webmd.com
994,Meggy Crummey,mcrummeyrl,323Ny7,mcrummeyrl@phpbb.com
995,Johan MacAlroy,jmacalroyrm,w9AZZto5G,jmacalroyrm@lycos.com
996,Taddeo Buist,tbuistrn,B4ZmNrb31I1,tbuistrn@mapquest.com
997,Ibbie Senecaux,isenecauxro,CBnMNNEpUGiL,isenecauxro@about.me
998,Donovan Priel,dprielrp,kFCKacRyRE1,dprielrp@squidoo.com
999,Monica Cowterd,mcowterdrq,wBVFbO,mcowterdrq@unc.edu
1000,Nerita Barkway,nbarkwayrr,Q3jIOo,nbarkwayrr@wikispaces.com
